<?xml version="1.0" encoding="UTF-8"?>

<!-- generated on 2022-06-02 12:33:58 by Eclipse SUMO GUI Version 1.13.0
<configuration xmlns:xsi="http://www.w3.org/2001/XMLSchema-instance" xsi:noNamespaceSchemaLocation="http://sumo.dlr.de/xsd/sumoConfiguration.xsd">

    <input>
        <net-file value="C:\Users\kevin\Sumo\Test%20Cologne\grid.net.xml"/>
        <route-files value="C:\Users\kevin\Sumo\Test%20Cologne\grid.rou.xml"/>
        <additional-files value="C:\Users\kevin\Sumo\Test%20Cologne\rerouter.add.xml"/>
    </input>

    <output>
        <fcd-output value="C:\Users\kevin\Sumo\Test%20Cologne\selected_part_cologne.output.xml"/>
    </output>

    <time>
        <begin value="0"/>
        <end value="10000"/>
        <step-length value="0.1"/>
    </time>

    <gui_only>
        <tracker-interval value="0.1"/>
    </gui_only>

</configuration>
-->

<meandata xmlns:xsi="http://www.w3.org/2001/XMLSchema-instance" xsi:noNamespaceSchemaLocation="http://sumo.dlr.de/xsd/meandata_file.xsd">
</meandata>
