<?xml version="1.0" encoding="UTF-8"?>
<!-- generated on 2022-06-02 12:39:56.305411 by randomTrips.py v1_13_0+0000-4b5bca80615
<configuration>
    <begin value="0"/>
    <end value="1"/>
    <flows value="200"/>
    <net-file value="grid.net.xml"/>
    <output-trip-file value="flows.xml"/>
</configuration>

-->
<routes xmlns:xsi="http://www.w3.org/2001/XMLSchema-instance" xsi:noNamespaceSchemaLocation="http://sumo.dlr.de/xsd/routes_file.xsd">
    <flow id="0" begin="0" end="1" period="200.0" from="25413576#4" to="-146505402#3"/>
    <flow id="1" begin="0" end="1" period="200.0" from="-26351520#2" to="-26351507#1"/>
    <flow id="2" begin="0" end="1" period="200.0" from="26351509#1" to="26351491#1"/>
    <flow id="3" begin="0" end="1" period="200.0" from="59472986#0" to="-166548734#1"/>
    <flow id="4" begin="0" end="1" period="200.0" from="-E4" to="-146505402#3"/>
    <flow id="5" begin="0" end="1" period="200.0" from="-26351500#0" to="146512473#0"/>
    <flow id="6" begin="0" end="1" period="200.0" from="-146505402#3" to="-26351492#0"/>
    <flow id="7" begin="0" end="1" period="200.0" from="26351490" to="159664166#0"/>
    <flow id="8" begin="0" end="1" period="200.0" from="-26351500#0" to="25413576#2"/>
    <flow id="9" begin="0" end="1" period="200.0" from="26351520#2" to="-146505402#1"/>
    <flow id="10" begin="0" end="1" period="200.0" from="26351520#1" to="26351500#0"/>
    <flow id="11" begin="0" end="1" period="200.0" from="-59472986#1" to="-25413576#3"/>
    <flow id="12" begin="0" end="1" period="200.0" from="E3" to="-33753312#2"/>
    <flow id="13" begin="0" end="1" period="200.0" from="-25413576#0" to="-25413576#0"/>
    <flow id="14" begin="0" end="1" period="200.0" from="26389264#3" to="25413576#3"/>
    <flow id="15" begin="0" end="1" period="200.0" from="26351520#2" to="26351509#2"/>
    <flow id="16" begin="0" end="1" period="200.0" from="159664166#0" to="E4"/>
    <flow id="17" begin="0" end="1" period="200.0" from="-E1" to="159664166#0"/>
    <flow id="18" begin="0" end="1" period="200.0" from="26351520#3" to="25413576#3"/>
    <flow id="19" begin="0" end="1" period="200.0" from="33753312#0" to="25413576#10"/>
    <flow id="20" begin="0" end="1" period="200.0" from="26351504#4" to="-146512473#10"/>
    <flow id="21" begin="0" end="1" period="200.0" from="-26351507#1" to="-26351520#2"/>
    <flow id="22" begin="0" end="1" period="200.0" from="-159664166#0" to="-26351507#1"/>
    <flow id="23" begin="0" end="1" period="200.0" from="-25413576#10" to="-26351520#0"/>
    <flow id="24" begin="0" end="1" period="200.0" from="25413576#4" to="-59472986#1"/>
    <flow id="25" begin="0" end="1" period="200.0" from="-E0" to="-26351500#1"/>
    <flow id="26" begin="0" end="1" period="200.0" from="-26351518#5" to="E2"/>
    <flow id="27" begin="0" end="1" period="200.0" from="26351490" to="25413576#3"/>
    <flow id="28" begin="0" end="1" period="200.0" from="-26351489#1" to="26351509#2"/>
    <flow id="29" begin="0" end="1" period="200.0" from="-26351489#1" to="-E0"/>
    <flow id="30" begin="0" end="1" period="200.0" from="E5" to="26351489#1"/>
    <flow id="31" begin="0" end="1" period="200.0" from="166548734#0" to="26351500#0"/>
    <flow id="32" begin="0" end="1" period="200.0" from="26389264#3" to="26351515"/>
    <flow id="33" begin="0" end="1" period="200.0" from="-26351507#1" to="-146512473#10"/>
    <flow id="34" begin="0" end="1" period="200.0" from="-26389264#6" to="-26351518#5"/>
    <flow id="35" begin="0" end="1" period="200.0" from="-26351500#0" to="E2"/>
    <flow id="36" begin="0" end="1" period="200.0" from="33753312#3" to="-26351520#3"/>
    <flow id="37" begin="0" end="1" period="200.0" from="26351490" to="-E1"/>
    <flow id="38" begin="0" end="1" period="200.0" from="E0" to="-E5"/>
    <flow id="39" begin="0" end="1" period="200.0" from="-26351518#5" to="-26351511#1"/>
    <flow id="40" begin="0" end="1" period="200.0" from="166548734#0" to="-26351518#5"/>
    <flow id="41" begin="0" end="1" period="200.0" from="25413576#10" to="59472986#0"/>
    <flow id="42" begin="0" end="1" period="200.0" from="-E2" to="-26351500#1"/>
    <flow id="43" begin="0" end="1" period="200.0" from="E5" to="146512473#7"/>
    <flow id="44" begin="0" end="1" period="200.0" from="-25413576#0" to="-146512473#10"/>
    <flow id="45" begin="0" end="1" period="200.0" from="-25413576#10" to="25413576#4"/>
    <flow id="46" begin="0" end="1" period="200.0" from="26351520#1" to="-E3"/>
    <flow id="47" begin="0" end="1" period="200.0" from="-146512473#10" to="-E1"/>
    <flow id="48" begin="0" end="1" period="200.0" from="E5" to="159393364#1"/>
    <flow id="49" begin="0" end="1" period="200.0" from="E4" to="33753312#0"/>
    <flow id="50" begin="0" end="1" period="200.0" from="-146505402#1" to="26351509#2"/>
    <flow id="51" begin="0" end="1" period="200.0" from="26351500#1" to="159393364#1"/>
    <flow id="52" begin="0" end="1" period="200.0" from="-26351518#5" to="26351489#1"/>
    <flow id="53" begin="0" end="1" period="200.0" from="-25413576#10" to="-E4"/>
    <flow id="54" begin="0" end="1" period="200.0" from="146505402#1" to="E3"/>
    <flow id="55" begin="0" end="1" period="200.0" from="33753312#3" to="-26351518#5"/>
    <flow id="56" begin="0" end="1" period="200.0" from="146512473#7" to="-26351490"/>
    <flow id="57" begin="0" end="1" period="200.0" from="E0" to="33753312#0"/>
    <flow id="58" begin="0" end="1" period="200.0" from="-26351520#3" to="26351489#1"/>
    <flow id="59" begin="0" end="1" period="200.0" from="25413576#2" to="-25413576#3"/>
    <flow id="60" begin="0" end="1" period="200.0" from="26351518#0" to="159393364#1"/>
    <flow id="61" begin="0" end="1" period="200.0" from="26351520#0" to="159393364#1"/>
    <flow id="62" begin="0" end="1" period="200.0" from="-146505402#1" to="-26389264#6"/>
    <flow id="63" begin="0" end="1" period="200.0" from="-146505402#3" to="E1"/>
    <flow id="64" begin="0" end="1" period="200.0" from="33753312#3" to="26351520#3"/>
    <flow id="65" begin="0" end="1" period="200.0" from="-26389264#6" to="-146512473#6"/>
    <flow id="66" begin="0" end="1" period="200.0" from="33753312#3" to="E2"/>
    <flow id="67" begin="0" end="1" period="200.0" from="-25413576#0" to="146505402#2"/>
    <flow id="68" begin="0" end="1" period="200.0" from="-159664166#0" to="26351511#3"/>
    <flow id="69" begin="0" end="1" period="200.0" from="26351518#0" to="-25413576#2"/>
    <flow id="70" begin="0" end="1" period="200.0" from="146505402#2" to="159664166#0"/>
    <flow id="71" begin="0" end="1" period="200.0" from="-26351518#5" to="33753312#0"/>
    <flow id="72" begin="0" end="1" period="200.0" from="-E4" to="-26351500#1"/>
    <flow id="73" begin="0" end="1" period="200.0" from="159664166#0" to="26351509#2"/>
    <flow id="74" begin="0" end="1" period="200.0" from="-26351492#0" to="-26351520#3"/>
    <flow id="75" begin="0" end="1" period="200.0" from="E5" to="26351489#1"/>
    <flow id="76" begin="0" end="1" period="200.0" from="-E5" to="146512473#7"/>
    <flow id="77" begin="0" end="1" period="200.0" from="-25413576#2" to="-26351507#1"/>
    <flow id="78" begin="0" end="1" period="200.0" from="-33753312#2" to="25413576#2"/>
    <flow id="79" begin="0" end="1" period="200.0" from="-26351507#1" to="-26351500#1"/>
    <flow id="80" begin="0" end="1" period="200.0" from="-159664166#0" to="25413576#4"/>
    <flow id="81" begin="0" end="1" period="200.0" from="-26351507#1" to="E0"/>
    <flow id="82" begin="0" end="1" period="200.0" from="33753312#0" to="-159664166#0"/>
    <flow id="83" begin="0" end="1" period="200.0" from="-26351507#1" to="26351491#1"/>
    <flow id="84" begin="0" end="1" period="200.0" from="-26351500#0" to="-25413576#2"/>
    <flow id="85" begin="0" end="1" period="200.0" from="E2" to="25413576#0"/>
    <flow id="86" begin="0" end="1" period="200.0" from="146505402#2" to="26351518#0"/>
    <flow id="87" begin="0" end="1" period="200.0" from="26351520#2" to="-26351490"/>
    <flow id="88" begin="0" end="1" period="200.0" from="-25413576#10" to="-E4"/>
    <flow id="89" begin="0" end="1" period="200.0" from="-E4" to="146505402#1"/>
    <flow id="90" begin="0" end="1" period="200.0" from="26351509#1" to="26351491#1"/>
    <flow id="91" begin="0" end="1" period="200.0" from="E5" to="-25413576#0"/>
    <flow id="92" begin="0" end="1" period="200.0" from="-E2" to="-33753312#2"/>
    <flow id="93" begin="0" end="1" period="200.0" from="33753312#0" to="-26351511#1"/>
    <flow id="94" begin="0" end="1" period="200.0" from="-26351490" to="-E5"/>
    <flow id="95" begin="0" end="1" period="200.0" from="-E4" to="-26351520#0"/>
    <flow id="96" begin="0" end="1" period="200.0" from="-26351511#1" to="E1"/>
    <flow id="97" begin="0" end="1" period="200.0" from="-E5" to="33753312#0"/>
    <flow id="98" begin="0" end="1" period="200.0" from="166548734#0" to="-146512473#6"/>
    <flow id="99" begin="0" end="1" period="200.0" from="E5" to="26351520#3"/>
    <flow id="100" begin="0" end="1" period="200.0" from="E4" to="E1"/>
    <flow id="101" begin="0" end="1" period="200.0" from="26389264#3" to="-25413576#5"/>
    <flow id="102" begin="0" end="1" period="200.0" from="146512473#2" to="-26351500#1"/>
    <flow id="103" begin="0" end="1" period="200.0" from="-E2" to="-146512473#6"/>
    <flow id="104" begin="0" end="1" period="200.0" from="-E1" to="E5"/>
    <flow id="105" begin="0" end="1" period="200.0" from="-26351518#5" to="26351518#0"/>
    <flow id="106" begin="0" end="1" period="200.0" from="146505402#1" to="-E3"/>
    <flow id="107" begin="0" end="1" period="200.0" from="E3" to="E5"/>
    <flow id="108" begin="0" end="1" period="200.0" from="166548734#0" to="26351509#2"/>
    <flow id="109" begin="0" end="1" period="200.0" from="-25413576#5" to="-26351520#2"/>
    <flow id="110" begin="0" end="1" period="200.0" from="E4" to="25413576#10"/>
    <flow id="111" begin="0" end="1" period="200.0" from="159664166#0" to="26351511#3"/>
    <flow id="112" begin="0" end="1" period="200.0" from="-146512473#10" to="25413576#10"/>
    <flow id="113" begin="0" end="1" period="200.0" from="146512473#7" to="26389264#3"/>
    <flow id="114" begin="0" end="1" period="200.0" from="-25413576#5" to="E3"/>
    <flow id="115" begin="0" end="1" period="200.0" from="-159664166#0" to="-26351490"/>
    <flow id="116" begin="0" end="1" period="200.0" from="25413576#10" to="26351491#1"/>
    <flow id="117" begin="0" end="1" period="200.0" from="-26351507#1" to="-25413576#10"/>
    <flow id="118" begin="0" end="1" period="200.0" from="59472986#0" to="-26351511#1"/>
    <flow id="119" begin="0" end="1" period="200.0" from="25413576#10" to="25413576#4"/>
    <flow id="120" begin="0" end="1" period="200.0" from="-E3" to="25413576#10"/>
    <flow id="121" begin="0" end="1" period="200.0" from="159393364#1" to="E1"/>
    <flow id="122" begin="0" end="1" period="200.0" from="-26351492#0" to="26351509#2"/>
    <flow id="123" begin="0" end="1" period="200.0" from="-26351507#1" to="-E1"/>
    <flow id="124" begin="0" end="1" period="200.0" from="26351491#1" to="-26351520#2"/>
    <flow id="125" begin="0" end="1" period="200.0" from="-26389264#6" to="26351511#3"/>
    <flow id="126" begin="0" end="1" period="200.0" from="-159664166#0" to="-E5"/>
    <flow id="127" begin="0" end="1" period="200.0" from="E5" to="E5"/>
    <flow id="128" begin="0" end="1" period="200.0" from="-159664166#0" to="-26351500#1"/>
    <flow id="129" begin="0" end="1" period="200.0" from="-26351518#5" to="E1"/>
    <flow id="130" begin="0" end="1" period="200.0" from="33753312#3" to="33753312#3"/>
    <flow id="131" begin="0" end="1" period="200.0" from="-E0" to="-25413576#3"/>
    <flow id="132" begin="0" end="1" period="200.0" from="26351520#3" to="26351507#0"/>
    <flow id="133" begin="0" end="1" period="200.0" from="25413576#2" to="E5"/>
    <flow id="134" begin="0" end="1" period="200.0" from="26351490" to="-146505402#1"/>
    <flow id="135" begin="0" end="1" period="200.0" from="26351520#2" to="-26351520#2"/>
    <flow id="136" begin="0" end="1" period="200.0" from="26351491#1" to="E2"/>
    <flow id="137" begin="0" end="1" period="200.0" from="-25413576#3" to="-25413576#10"/>
    <flow id="138" begin="0" end="1" period="200.0" from="-25413576#10" to="159664166#0"/>
    <flow id="139" begin="0" end="1" period="200.0" from="-26351518#5" to="25413576#3"/>
    <flow id="140" begin="0" end="1" period="200.0" from="26351507#0" to="-26351492#0"/>
    <flow id="141" begin="0" end="1" period="200.0" from="25413576#4" to="-26351518#5"/>
    <flow id="142" begin="0" end="1" period="200.0" from="146512473#2" to="E0"/>
    <flow id="143" begin="0" end="1" period="200.0" from="26389264#3" to="-166548734#1"/>
    <flow id="144" begin="0" end="1" period="200.0" from="-E4" to="-26351520#0"/>
    <flow id="145" begin="0" end="1" period="200.0" from="-146505402#1" to="26351515"/>
    <flow id="146" begin="0" end="1" period="200.0" from="25413576#4" to="-26351518#5"/>
    <flow id="147" begin="0" end="1" period="200.0" from="26351509#1" to="159664166#0"/>
    <flow id="148" begin="0" end="1" period="200.0" from="-E4" to="-146505402#1"/>
    <flow id="149" begin="0" end="1" period="200.0" from="-159664166#0" to="33753312#3"/>
    <flow id="150" begin="0" end="1" period="200.0" from="E0" to="159664166#0"/>
    <flow id="151" begin="0" end="1" period="200.0" from="26351520#3" to="25413576#10"/>
    <flow id="152" begin="0" end="1" period="200.0" from="-25413576#5" to="-25413576#2"/>
    <flow id="153" begin="0" end="1" period="200.0" from="-26389264#6" to="59472986#0"/>
    <flow id="154" begin="0" end="1" period="200.0" from="26351520#1" to="33753312#0"/>
    <flow id="155" begin="0" end="1" period="200.0" from="59472986#0" to="-26351500#1"/>
    <flow id="156" begin="0" end="1" period="200.0" from="-26351511#1" to="-25413576#0"/>
    <flow id="157" begin="0" end="1" period="200.0" from="26351520#0" to="33753312#3"/>
    <flow id="158" begin="0" end="1" period="200.0" from="-E3" to="25413576#4"/>
    <flow id="159" begin="0" end="1" period="200.0" from="-25413576#5" to="E1"/>
    <flow id="160" begin="0" end="1" period="200.0" from="33753312#0" to="E4"/>
    <flow id="161" begin="0" end="1" period="200.0" from="26351520#2" to="33753312#3"/>
    <flow id="162" begin="0" end="1" period="200.0" from="-146505402#3" to="26351511#1"/>
    <flow id="163" begin="0" end="1" period="200.0" from="-33753312#2" to="E1"/>
    <flow id="164" begin="0" end="1" period="200.0" from="26351520#1" to="33753312#0"/>
    <flow id="165" begin="0" end="1" period="200.0" from="26351520#2" to="-26351518#5"/>
    <flow id="166" begin="0" end="1" period="200.0" from="26351520#0" to="-25413576#0"/>
    <flow id="167" begin="0" end="1" period="200.0" from="33753312#3" to="33753312#0"/>
    <flow id="168" begin="0" end="1" period="200.0" from="-26351500#0" to="26351520#2"/>
    <flow id="169" begin="0" end="1" period="200.0" from="146505402#1" to="-26351520#3"/>
    <flow id="170" begin="0" end="1" period="200.0" from="26351520#1" to="-26351507#1"/>
    <flow id="171" begin="0" end="1" period="200.0" from="-146505402#3" to="-26351492#0"/>
    <flow id="172" begin="0" end="1" period="200.0" from="-33753312#2" to="33753312#0"/>
    <flow id="173" begin="0" end="1" period="200.0" from="E3" to="-26351520#0"/>
    <flow id="174" begin="0" end="1" period="200.0" from="25413576#4" to="-E2"/>
    <flow id="175" begin="0" end="1" period="200.0" from="E4" to="159393364#1"/>
    <flow id="176" begin="0" end="1" period="200.0" from="E2" to="-25413576#10"/>
    <flow id="177" begin="0" end="1" period="200.0" from="E4" to="-26351490"/>
    <flow id="178" begin="0" end="1" period="200.0" from="E3" to="-26351518#5"/>
    <flow id="179" begin="0" end="1" period="200.0" from="-25413576#10" to="-E4"/>
    <flow id="180" begin="0" end="1" period="200.0" from="26351509#1" to="-26351520#3"/>
    <flow id="181" begin="0" end="1" period="200.0" from="25413576#2" to="146512473#7"/>
    <flow id="182" begin="0" end="1" period="200.0" from="-E1" to="25413576#10"/>
    <flow id="183" begin="0" end="1" period="200.0" from="-26351511#1" to="26351507#0"/>
    <flow id="184" begin="0" end="1" period="200.0" from="-146505402#1" to="E1"/>
    <flow id="185" begin="0" end="1" period="200.0" from="159664166#0" to="26351509#2"/>
    <flow id="186" begin="0" end="1" period="200.0" from="26351511#1" to="26351491#1"/>
    <flow id="187" begin="0" end="1" period="200.0" from="-E0" to="-159664166#0"/>
    <flow id="188" begin="0" end="1" period="200.0" from="26351491#1" to="-26389264#6"/>
    <flow id="189" begin="0" end="1" period="200.0" from="-26389264#6" to="26389264#3"/>
    <flow id="190" begin="0" end="1" period="200.0" from="26351507#0" to="-26351520#2"/>
    <flow id="191" begin="0" end="1" period="200.0" from="-26389264#6" to="-E2"/>
    <flow id="192" begin="0" end="1" period="200.0" from="-E2" to="-26351520#2"/>
    <flow id="193" begin="0" end="1" period="200.0" from="-25413576#2" to="-E3"/>
    <flow id="194" begin="0" end="1" period="200.0" from="E2" to="26351491#1"/>
    <flow id="195" begin="0" end="1" period="200.0" from="59472986#0" to="25413576#3"/>
    <flow id="196" begin="0" end="1" period="200.0" from="-26351520#3" to="159664166#0"/>
    <flow id="197" begin="0" end="1" period="200.0" from="-146505402#1" to="-26351520#2"/>
    <flow id="198" begin="0" end="1" period="200.0" from="-E4" to="25413576#10"/>
    <flow id="199" begin="0" end="1" period="200.0" from="26351490" to="146505402#1"/>
</routes>
