<?xml version="1.0" encoding="UTF-8"?>

<!-- generated on 2022-06-02 12:39:22 by Eclipse SUMO netedit Version 1.13.0
<configuration xmlns:xsi="http://www.w3.org/2001/XMLSchema-instance" xsi:noNamespaceSchemaLocation="http://sumo.dlr.de/xsd/netconvertConfiguration.xsd">

    <input>
        <sumo-net-file value="C:\Users\kevin\Sumo\Test%20Cologne\grid.net.xml"/>
    </input>

    <output>
        <output-file value="C:\Users\kevin\Sumo\Test%20Cologne\grid.net.xml"/>
    </output>

    <processing>
        <geometry.min-radius.fix.railways value="false"/>
        <geometry.max-grade.fix value="false"/>
        <offset.disable-normalization value="true"/>
        <lefthand value="false"/>
    </processing>

    <junctions>
        <no-internal-links value="true"/>
        <no-turnarounds value="true"/>
        <junctions.corner-detail value="0"/>
        <junctions.limit-turn-speed value="-1"/>
        <rectangular-lane-cut value="false"/>
    </junctions>

    <pedestrian>
        <walkingareas value="false"/>
    </pedestrian>

    <report>
        <aggregate-warnings value="5"/>
    </report>

</configuration>
-->

<net version="1.9" xmlns:xsi="http://www.w3.org/2001/XMLSchema-instance" xsi:noNamespaceSchemaLocation="http://sumo.dlr.de/xsd/net_file.xsd">

    <location netOffset="-342498.65,-5630866.92" convBoundary="19150.16,18645.18,20044.23,19274.53" origBoundary="6.166558,50.735925,7.295276,51.840721" projParameter="+proj=utm +zone=32 +ellps=WGS84 +datum=WGS84 +units=m +no_defs"/>

    <type id="highway.bridleway" priority="1" numLanes="1" speed="2.78" allow="pedestrian" oneway="1" width="2.00"/>
    <type id="highway.bus_guideway" priority="1" numLanes="1" speed="13.89" allow="bus" oneway="1"/>
    <type id="highway.cycleway" priority="1" numLanes="1" speed="8.33" allow="bicycle" oneway="0" width="1.00"/>
    <type id="highway.footway" priority="1" numLanes="1" speed="2.78" allow="pedestrian" oneway="1" width="2.00"/>
    <type id="highway.ford" priority="1" numLanes="1" speed="2.78" allow="army" oneway="0"/>
    <type id="highway.living_street" priority="3" numLanes="1" speed="2.78" disallow="tram rail_urban rail rail_electric ship" oneway="0"/>
    <type id="highway.motorway" priority="13" numLanes="2" speed="27.78" allow="private emergency authority army vip passenger hov taxi bus coach delivery truck trailer motorcycle evehicle custom1 custom2" oneway="1"/>
    <type id="highway.motorway_link" priority="12" numLanes="1" speed="16.67" allow="private emergency authority army vip passenger hov taxi bus coach delivery truck trailer motorcycle evehicle custom1 custom2" oneway="1"/>
    <type id="highway.path" priority="1" numLanes="1" speed="2.78" allow="pedestrian bicycle" oneway="1" width="2.00"/>
    <type id="highway.pedestrian" priority="1" numLanes="1" speed="2.78" allow="pedestrian" oneway="1" width="2.00"/>
    <type id="highway.primary" priority="9" numLanes="2" speed="13.89" disallow="tram rail_urban rail rail_electric ship" oneway="0"/>
    <type id="highway.primary_link" priority="8" numLanes="1" speed="13.89" disallow="tram rail_urban rail rail_electric ship" oneway="0"/>
    <type id="highway.primary|railway.tram" priority="15" numLanes="2" speed="13.89" disallow="rail_urban rail rail_electric ship" oneway="0"/>
    <type id="highway.raceway" priority="14" numLanes="2" speed="83.33" allow="vip" oneway="0"/>
    <type id="highway.residential" priority="4" numLanes="1" speed="13.89" disallow="tram rail_urban rail rail_electric ship" oneway="0"/>
    <type id="highway.secondary" priority="7" numLanes="2" speed="13.89" disallow="tram rail_urban rail rail_electric ship" oneway="0"/>
    <type id="highway.secondary_link" priority="6" numLanes="1" speed="13.89" disallow="tram rail_urban rail rail_electric ship" oneway="0"/>
    <type id="highway.service" priority="2" numLanes="1" speed="5.56" allow="pedestrian delivery bicycle" oneway="0"/>
    <type id="highway.services" priority="1" numLanes="1" speed="8.33" disallow="tram rail_urban rail rail_electric ship" oneway="0"/>
    <type id="highway.service|railway.rail" priority="15" numLanes="1" speed="83.33" allow="pedestrian delivery bicycle rail rail_electric" oneway="0"/>
    <type id="highway.stairs" priority="1" numLanes="1" speed="1.39" allow="pedestrian" oneway="1" width="2.00"/>
    <type id="highway.step" priority="1" numLanes="1" speed="1.39" allow="pedestrian" oneway="1" width="2.00"/>
    <type id="highway.steps" priority="1" numLanes="1" speed="1.39" allow="pedestrian" oneway="1" width="2.00"/>
    <type id="highway.tertiary" priority="6" numLanes="1" speed="13.89" disallow="tram rail_urban rail rail_electric ship" oneway="0"/>
    <type id="highway.tertiary_link" priority="5" numLanes="1" speed="13.89" disallow="tram rail_urban rail rail_electric ship" oneway="0"/>
    <type id="highway.tertiary|railway.tram" priority="15" numLanes="1" speed="13.89" disallow="rail_urban rail rail_electric ship" oneway="0"/>
    <type id="highway.track" priority="1" numLanes="1" speed="5.56" disallow="tram rail_urban rail rail_electric ship" oneway="0"/>
    <type id="highway.trunk" priority="11" numLanes="2" speed="13.89" disallow="pedestrian bicycle tram rail_urban rail rail_electric ship" oneway="0"/>
    <type id="highway.trunk_link" priority="10" numLanes="1" speed="13.89" disallow="pedestrian bicycle tram rail_urban rail rail_electric ship" oneway="0"/>
    <type id="highway.unclassified" priority="5" numLanes="1" speed="13.89" disallow="tram rail_urban rail rail_electric ship" oneway="0"/>
    <type id="highway.unsurfaced" priority="1" numLanes="1" speed="8.33" disallow="tram rail_urban rail rail_electric ship" oneway="0"/>
    <type id="railway.light_rail" priority="15" numLanes="1" speed="27.78" allow="rail_urban" oneway="1"/>
    <type id="railway.preserved" priority="15" numLanes="1" speed="27.78" allow="rail" oneway="1"/>
    <type id="railway.rail" priority="15" numLanes="1" speed="83.33" allow="rail rail_electric" oneway="1"/>
    <type id="railway.subway" priority="15" numLanes="1" speed="27.78" allow="rail_urban" oneway="1"/>
    <type id="railway.tram" priority="15" numLanes="1" speed="13.89" allow="tram" oneway="1"/>

    <edge id="-146505402#1" from="290368146" to="cluster_288716371_288716373" priority="5" type="highway.unclassified" shape="19227.65,18660.96 19175.62,18645.18">
        <lane id="-146505402#1_0" index="0" disallow="tram rail_urban rail rail_electric rail_fast ship" speed="13.89" length="56.27" shape="19227.05,18662.45 19177.53,18647.43"/>
    </edge>
    <edge id="-146505402#3" from="29839173" to="290368146" priority="5" type="highway.unclassified" shape="19400.40,18709.00 19365.46,18698.52 19341.84,18691.80 19266.62,18673.48 19227.65,18660.96">
        <lane id="-146505402#3_0" index="0" disallow="tram rail_urban rail rail_electric rail_fast ship" speed="13.89" length="179.39" shape="19393.34,18708.55 19365.01,18700.06 19341.43,18693.35 19266.19,18675.02 19227.30,18662.53"/>
    </edge>
    <edge id="-146512473#1" from="288716492" to="29839173" priority="5" type="highway.residential" shape="19517.60,18757.69 19446.66,18728.26 19400.40,18709.00">
        <lane id="-146512473#1_0" index="0" speed="13.89" length="126.91" shape="19510.32,18756.40 19446.05,18729.74 19407.10,18713.52"/>
    </edge>
    <edge id="-146512473#10" from="1599072226" to="288716507" priority="5" type="highway.residential" shape="19943.80,18937.14 19913.92,18924.61 19827.88,18888.53 19718.57,18842.69 19665.56,18821.62">
        <lane id="-146512473#10_0" index="0" speed="13.89" length="301.28" shape="19943.18,18938.62 19913.30,18926.09 19827.26,18890.01 19717.97,18844.17 19670.16,18825.17"/>
    </edge>
    <edge id="-146512473#6" from="288716507" to="288716492" priority="5" type="highway.residential" shape="19665.56,18821.62 19640.49,18810.50 19619.07,18801.53 19581.33,18784.54 19548.50,18770.71 19517.60,18757.69">
        <lane id="-146512473#6_0" index="0" speed="13.89" length="161.19" shape="19658.59,18820.28 19639.86,18811.97 19618.43,18803.00 19580.69,18786.01 19547.88,18772.18 19523.62,18761.96"/>
    </edge>
    <edge id="-159664166#0" from="289104964" to="29839174" priority="-1">
        <lane id="-159664166#0_0" index="0" speed="13.89" length="84.85" shape="19954.05,19029.17 19984.53,18967.07"/>
    </edge>
    <edge id="-166548734#1" from="289104964" to="288716505" priority="4" type="highway.residential" shape="19952.57,19035.82 19926.32,19028.79 19908.36,19024.00 19865.06,19008.83">
        <lane id="-166548734#1_0" index="0" speed="8.33" length="91.64" shape="19945.00,19035.45 19925.91,19030.34 19907.89,19025.53 19867.45,19011.36"/>
    </edge>
    <edge id="-25413576#0" from="cluster_276971315_288880887" to="276971145" priority="4" type="highway.residential" shape="19360.62,19254.84 19298.28,19266.01">
        <lane id="-25413576#0_0" index="0" disallow="tram rail_urban rail rail_electric rail_fast ship" speed="13.89" length="68.20" shape="19353.81,19257.69 19301.10,19267.13"/>
    </edge>
    <edge id="-25413576#10" from="30698795" to="276971324" priority="4" type="highway.residential" shape="20044.23,19266.49 19988.33,19272.10 19942.80,19274.40 19907.18,19274.53">
        <lane id="-25413576#10_0" index="0" disallow="tram rail_urban rail rail_electric rail_fast ship" speed="13.89" length="136.43" shape="20041.01,19268.42 19988.45,19273.70 19942.84,19276.00 19914.48,19276.10"/>
    </edge>
    <edge id="-25413576#2" from="276971318" to="cluster_276971315_288880887" priority="4" type="highway.residential" shape="19500.64,19243.57 19460.49,19242.93 19440.22,19243.08 19427.21,19244.08 19370.20,19253.16">
        <lane id="-25413576#2_0" index="0" disallow="tram rail_urban rail rail_electric rail_fast ship" speed="13.89" length="136.07" shape="19500.47,19245.17 19460.48,19244.53 19440.29,19244.68 19427.40,19245.67 19372.60,19254.40"/>
    </edge>
    <edge id="-25413576#3" from="276971319" to="276971318" priority="4" type="highway.residential" shape="19610.30,19252.58 19596.94,19250.55 19548.56,19245.27 19500.64,19243.57">
        <lane id="-25413576#3_0" index="0" disallow="tram rail_urban rail rail_electric rail_fast ship" speed="13.89" length="110.13" shape="19610.06,19254.16 19596.73,19252.14 19548.44,19246.87 19500.72,19245.17"/>
    </edge>
    <edge id="-25413576#5" from="276971322" to="276971319" priority="4" type="highway.residential" shape="19738.44,19273.78 19716.97,19272.19 19701.45,19270.65 19682.92,19267.96 19610.30,19252.58">
        <lane id="-25413576#5_0" index="0" speed="13.89" length="130.08" shape="19731.23,19274.85 19716.83,19273.78 19701.26,19272.24 19682.64,19269.54 19609.97,19254.15"/>
    </edge>
    <edge id="-26351489#1" from="288463476" to="288463474" priority="4" type="highway.residential">
        <lane id="-26351489#1_0" index="0" speed="13.89" length="61.24" shape="19230.51,18889.11 19182.10,18873.74"/>
    </edge>
    <edge id="-26351490" from="288716368" to="288463474" priority="4" type="highway.residential">
        <lane id="-26351490_0" index="0" speed="8.33" length="98.79" shape="19200.96,18782.27 19181.99,18868.82"/>
    </edge>
    <edge id="-26351492#0" from="288716368" to="cluster_288716371_288716373" priority="4" type="highway.residential" shape="19200.95,18774.83 19150.16,18764.78 19173.24,18651.72">
        <lane id="-26351492#0_0" index="0" disallow="tram rail_urban rail rail_electric rail_fast ship" speed="8.33" length="170.65" shape="19193.51,18774.99 19148.27,18766.04 19171.67,18651.40"/>
    </edge>
    <edge id="-26351500#0" from="288463476" to="288716378" priority="4" type="highway.residential">
        <lane id="-26351500#0_0" index="0" speed="8.33" length="106.30" shape="19238.17,18882.16 19257.20,18792.67"/>
    </edge>
    <edge id="-26351500#1" from="288716408" to="288463476" priority="4" type="highway.residential" shape="19320.86,19052.45 19305.91,19047.63 19293.40,19041.87 19280.88,19033.98 19269.25,19024.71 19259.58,19013.23 19249.98,18999.16 19242.83,18983.13 19238.19,18967.48 19235.20,18947.33 19234.06,18929.82 19235.27,18909.92 19238.17,18889.86">
        <lane id="-26351500#1_0" index="0" speed="8.33" length="203.19" shape="19313.30,19051.69 19305.33,19049.12 19292.64,19043.28 19279.95,19035.29 19268.13,19025.86 19258.30,19014.20 19248.58,18999.94 19241.33,18983.69 19236.62,18967.83 19233.61,18947.50 19232.46,18929.82 19233.68,18909.76 19235.63,18896.28"/>
    </edge>
    <edge id="-26351507#1" from="288716511" to="cluster_276971315_288880887" priority="4" type="highway.residential" shape="19382.19,19100.03 19370.74,19131.33 19353.56,19177.30 19351.10,19190.84 19351.76,19205.97 19360.62,19254.84">
        <lane id="-26351507#1_0" index="0" speed="8.33" length="162.47" shape="19382.61,19103.54 19372.24,19131.88 19355.11,19177.73 19352.71,19190.95 19353.35,19205.79 19360.89,19247.39"/>
    </edge>
    <edge id="-26351508#0" from="288716488" to="288716486" priority="4" type="highway.residential">
        <lane id="-26351508#0_0" index="0" disallow="tram rail_urban rail rail_electric rail_fast ship" speed="13.89" length="81.06" shape="19476.61,18858.03 19449.26,18928.15"/>
    </edge>
    <edge id="-26351508#2" from="288716492" to="288716488" priority="4" type="highway.residential" shape="19517.60,18757.69 19515.16,18763.49 19477.17,18852.19">
        <lane id="-26351508#2_0" index="0" speed="13.89" length="102.79" shape="19516.27,18764.96 19480.87,18847.62"/>
    </edge>
    <edge id="-26351511#1" from="288716501" to="288716507" priority="-1">
        <lane id="-26351511#1_0" index="0" speed="13.89" length="99.03" shape="19634.20,18909.46 19661.77,18827.84"/>
    </edge>
    <edge id="-26351515" from="288716486" to="288716459" priority="4" type="highway.residential">
        <lane id="-26351515_0" index="0" disallow="tram rail_urban rail rail_electric rail_fast ship" speed="8.33" length="87.54" shape="19449.16,18928.42 19418.79,19007.35"/>
    </edge>
    <edge id="-26351518#5" from="288716525" to="288716511" priority="4" type="highway.residential" shape="19751.87,19200.63 19718.17,19188.23 19596.34,19143.44 19551.70,19128.49 19543.37,19147.66 19540.98,19150.01 19537.36,19152.14 19533.66,19152.36 19523.50,19149.24 19382.19,19100.03">
        <lane id="-26351518#5_0" index="0" speed="8.33" length="405.21" shape="19744.43,19199.60 19717.62,19189.73 19595.81,19144.95 19552.58,19130.47 19544.71,19148.58 19541.96,19151.29 19537.84,19153.71 19533.47,19153.97 19523.00,19150.76 19384.64,19102.58"/>
    </edge>
    <edge id="-26351520#0" from="288716475" to="288716505" priority="4" type="highway.residential" shape="19773.42,19137.78 19799.86,19069.91 19804.38,19061.45 19807.26,19058.69 19810.70,19057.75 19835.95,19067.16 19840.52,19066.36 19843.98,19063.15 19865.06,19008.83">
        <lane id="-26351520#0_0" index="0" speed="13.89" length="184.56" shape="19772.46,19135.83 19798.40,19069.24 19803.09,19060.47 19806.45,19057.25 19810.78,19056.07 19836.10,19065.51 19839.78,19064.87 19842.62,19062.23 19862.45,19011.14"/>
    </edge>
    <edge id="-26351520#2" from="288716525" to="288716475" priority="4" type="highway.residential" shape="19751.87,19200.63 19761.22,19171.45 19773.42,19137.78">
        <lane id="-26351520#2_0" index="0" speed="13.89" length="66.45" shape="19752.59,19193.15 19759.71,19170.93 19771.41,19138.63"/>
    </edge>
    <edge id="-26351520#3" from="276971322" to="288716525" priority="4" type="highway.residential" shape="19738.44,19273.78 19740.05,19257.94 19744.92,19229.25 19751.87,19200.63">
        <lane id="-26351520#3_0" index="0" speed="13.89" length="74.47" shape="19737.61,19266.13 19738.46,19257.72 19743.35,19228.93 19748.70,19206.91"/>
    </edge>
    <edge id="-26389264#6" from="289104964" to="276971324" priority="4" type="highway.residential" shape="19952.57,19035.82 19931.81,19097.38 19921.64,19136.49 19916.36,19164.57 19912.96,19185.40 19912.32,19190.16 19909.76,19209.17 19908.43,19227.35 19907.18,19274.53">
        <lane id="-26389264#6_0" index="0" disallow="tram rail_urban rail rail_electric rail_fast ship" speed="8.33" length="244.46" shape="19951.72,19043.35 19933.34,19097.84 19923.20,19136.84 19917.94,19164.85 19914.54,19185.64 19913.91,19190.37 19911.35,19209.34 19910.03,19227.43 19908.97,19267.28"/>
    </edge>
    <edge id="-33753312#2" from="534814662" to="30698795" priority="5" type="highway.unclassified" shape="20032.31,19185.03 20037.38,19219.18 20037.96,19227.83 20044.23,19266.49">
        <lane id="-33753312#2_0" index="0" disallow="tram rail_urban rail rail_electric rail_fast ship" speed="8.33" length="81.40" shape="20033.91,19184.94 20038.97,19219.01 20039.55,19227.65 20045.26,19262.88"/>
    </edge>
    <edge id="-59472986#1" from="276971145" to="288716408" priority="4" type="highway.residential" shape="19298.28,19266.01 19283.24,19229.57 19278.95,19211.55 19278.79,19201.88 19280.80,19191.15 19304.14,19108.25 19320.86,19052.45">
        <lane id="-59472986#1_0" index="0" disallow="tram rail_urban rail rail_electric rail_fast ship" speed="13.89" length="222.91" shape="19295.82,19264.24 19281.71,19230.06 19277.35,19211.75 19277.19,19201.74 19279.24,19190.79 19302.60,19107.80 19317.28,19058.82"/>
    </edge>
    <edge id="-E0" from="29839173" to="288716380" priority="-1">
        <lane id="-E0_0" index="0" speed="13.89" length="104.17" shape="19400.47,18717.09 19383.60,18804.46"/>
    </edge>
    <edge id="-E1" from="288716378" to="288716380" priority="-1">
        <lane id="-E1_0" index="0" speed="13.89" length="123.02" shape="19267.65,18785.80 19373.82,18808.20"/>
    </edge>
    <edge id="-E2" from="288716380" to="288716408" priority="-1">
        <lane id="-E2_0" index="0" speed="13.89" length="248.47" shape="19380.44,18818.76 19324.20,19045.62"/>
    </edge>
    <edge id="-E3" from="29839174" to="1599072226" priority="6">
        <lane id="-E3_0" index="0" speed="13.89" length="51.36" shape="19982.78,18957.93 19943.10,18938.58"/>
    </edge>
    <edge id="-E4" from="276971324" to="276971322" priority="-1">
        <lane id="-E4_0" index="0" speed="13.89" length="168.74" shape="19900.04,19276.10 19745.96,19275.41"/>
    </edge>
    <edge id="-E5" from="288716368" to="288716378" priority="-1">
        <lane id="-E5_0" index="0" speed="13.89" length="60.35" shape="19208.22,18774.56 19253.41,18782.97"/>
    </edge>
    <edge id="146505402#1" from="cluster_288716371_288716373" to="290368146" priority="5" type="highway.unclassified" shape="19175.62,18645.18 19227.65,18660.96">
        <lane id="146505402#1_0" index="0" disallow="tram rail_urban rail rail_electric rail_fast ship" speed="13.89" length="56.27" shape="19178.46,18644.37 19227.98,18659.39"/>
    </edge>
    <edge id="146505402#2" from="290368146" to="29839173" priority="5" type="highway.unclassified" shape="19227.65,18660.96 19266.62,18673.48 19341.84,18691.80 19365.46,18698.52 19400.40,18709.00">
        <lane id="146505402#2_0" index="0" disallow="tram rail_urban rail rail_electric rail_fast ship" speed="13.89" length="179.39" shape="19228.28,18659.48 19267.05,18671.94 19342.25,18690.25 19365.91,18696.98 19394.26,18705.49"/>
    </edge>
    <edge id="146512473#0" from="29839173" to="288716492" priority="5" type="highway.residential" shape="19400.40,18709.00 19446.66,18728.26 19517.60,18757.69">
        <lane id="146512473#0_0" index="0" speed="13.89" length="126.91" shape="19408.33,18710.57 19447.27,18726.78 19511.55,18753.45"/>
    </edge>
    <edge id="146512473#2" from="288716492" to="288716507" priority="5" type="highway.residential" shape="19517.60,18757.69 19548.50,18770.71 19581.33,18784.54 19619.07,18801.53 19640.49,18810.50 19665.56,18821.62">
        <lane id="146512473#2_0" index="0" speed="13.89" length="161.19" shape="19524.86,18759.01 19549.12,18769.24 19581.97,18783.07 19619.71,18800.06 19641.12,18809.03 19659.88,18817.35"/>
    </edge>
    <edge id="146512473#7" from="288716507" to="1599072226" priority="5" type="highway.residential" shape="19665.56,18821.62 19718.57,18842.69 19827.88,18888.53 19913.92,18924.61 19943.80,18937.14">
        <lane id="146512473#7_0" index="0" speed="13.89" length="301.28" shape="19671.35,18822.20 19719.17,18841.21 19828.50,18887.05 19914.54,18923.13 19944.42,18935.66"/>
    </edge>
    <edge id="159393364#1" from="29839174" to="534814662" priority="5" type="highway.unclassified" shape="19989.96,18959.65 19999.80,18974.01 20010.39,18994.22 20012.72,19002.56 20013.51,19011.82 20017.66,19044.25 20018.11,19048.96 20019.99,19071.91 20021.72,19093.07 20021.99,19096.35 20023.27,19111.90 20031.43,19178.64 20032.31,19185.03">
        <lane id="159393364#1_0" index="0" disallow="tram rail_urban rail rail_electric rail_fast ship" speed="8.33" length="232.44" shape="19996.44,18966.27 20001.17,18973.18 20011.89,18993.63 20014.30,19002.27 20015.10,19011.65 20019.25,19044.07 20019.70,19048.82 20021.58,19071.78 20023.31,19092.94 20023.58,19096.22 20024.86,19111.74 20033.02,19178.44 20033.87,19184.67"/>
    </edge>
    <edge id="159664166#0" from="29839174" to="289104964" priority="4" type="highway.residential" spreadType="center" shape="19991.48,18960.15 19987.43,18967.38 19973.06,18990.35 19954.03,19036.48">
        <lane id="159664166#0_0" index="0" speed="8.33" length="85.24" shape="19986.82,18968.36 19973.06,18990.35 19956.54,19030.39"/>
    </edge>
    <edge id="166548734#0" from="288716505" to="289104964" priority="4" type="highway.residential" shape="19865.06,19008.83 19908.36,19024.00 19926.32,19028.79 19952.57,19035.82">
        <lane id="166548734#0_0" index="0" speed="8.33" length="91.64" shape="19868.51,19008.34 19908.83,19022.47 19926.73,19027.24 19945.83,19032.36"/>
    </edge>
    <edge id="25413576#0" from="276971145" to="cluster_276971315_288880887" priority="4" type="highway.residential" shape="19298.28,19266.01 19360.62,19254.84">
        <lane id="25413576#0_0" index="0" disallow="tram rail_urban rail rail_electric rail_fast ship" speed="13.89" length="68.20" shape="19300.54,19263.98 19353.24,19254.54"/>
    </edge>
    <edge id="25413576#10" from="276971324" to="30698795" priority="4" type="highway.residential" shape="19907.18,19274.53 19942.80,19274.40 19988.33,19272.10 20044.23,19266.49">
        <lane id="25413576#10_0" index="0" disallow="tram rail_urban rail rail_electric rail_fast ship" speed="13.89" length="136.43" shape="19914.47,19272.90 19942.76,19272.80 19988.21,19270.50 20040.69,19265.24"/>
    </edge>
    <edge id="25413576#2" from="cluster_276971315_288880887" to="276971318" priority="4" type="highway.residential" shape="19370.20,19253.16 19427.21,19244.08 19440.22,19243.08 19460.49,19242.93 19500.64,19243.57">
        <lane id="25413576#2_0" index="0" disallow="tram rail_urban rail rail_electric rail_fast ship" speed="13.89" length="136.07" shape="19372.09,19251.24 19427.02,19242.49 19440.15,19241.48 19460.50,19241.33 19500.53,19241.97"/>
    </edge>
    <edge id="25413576#3" from="276971318" to="276971319" priority="4" type="highway.residential" shape="19500.64,19243.57 19548.56,19245.27 19596.94,19250.55 19610.30,19252.58">
        <lane id="25413576#3_0" index="0" disallow="tram rail_urban rail rail_electric rail_fast ship" speed="13.89" length="110.13" shape="19500.84,19241.98 19548.68,19243.67 19597.15,19248.96 19610.54,19251.00"/>
    </edge>
    <edge id="25413576#4" from="276971319" to="276971322" priority="4" type="highway.residential" shape="19610.30,19252.58 19682.92,19267.96 19701.45,19270.65 19716.97,19272.19 19738.44,19273.78">
        <lane id="25413576#4_0" index="0" speed="13.89" length="130.08" shape="19610.63,19251.01 19683.20,19266.38 19701.64,19269.06 19717.11,19270.60 19731.46,19271.66"/>
    </edge>
    <edge id="26351489#1" from="288463474" to="288463476" priority="4" type="highway.residential">
        <lane id="26351489#1_0" index="0" speed="13.89" length="61.24" shape="19183.07,18870.69 19231.48,18886.06"/>
    </edge>
    <edge id="26351490" from="288463474" to="288716368" priority="4" type="highway.residential">
        <lane id="26351490_0" index="0" speed="8.33" length="98.79" shape="19178.86,18868.14 19197.83,18781.58"/>
    </edge>
    <edge id="26351491#1" from="cluster_288716371_288716373" to="288716368" priority="4" type="highway.residential" shape="19173.24,18651.72 19150.16,18764.78 19200.95,18774.83">
        <lane id="26351491#1_0" index="0" disallow="tram rail_urban rail rail_electric rail_fast ship" speed="8.33" length="170.65" shape="19174.81,18652.04 19152.05,18763.52 19194.13,18771.85"/>
    </edge>
    <edge id="26351500#0" from="288716378" to="288463476" priority="4" type="highway.residential">
        <lane id="26351500#0_0" index="0" speed="8.33" length="106.30" shape="19260.33,18793.34 19241.30,18882.83"/>
    </edge>
    <edge id="26351500#1" from="288463476" to="288716408" priority="4" type="highway.residential" shape="19238.17,18889.86 19235.27,18909.92 19234.06,18929.82 19235.20,18947.33 19238.19,18967.48 19242.83,18983.13 19249.98,18999.16 19259.58,19013.23 19269.25,19024.71 19280.88,19033.98 19293.40,19041.87 19305.91,19047.63 19320.86,19052.45">
        <lane id="26351500#1_0" index="0" speed="8.33" length="203.19" shape="19238.79,18896.73 19236.86,18910.08 19235.66,18929.82 19236.79,18947.16 19239.76,18967.13 19244.33,18982.57 19251.38,18998.38 19260.86,19012.26 19270.37,19023.56 19281.81,19032.67 19294.16,19040.46 19306.49,19046.14 19314.28,19048.65"/>
    </edge>
    <edge id="26351504#1" from="288716473" to="288716471" priority="4" type="highway.residential" spreadType="center">
        <lane id="26351504#1_0" index="0" disallow="tram rail_urban rail rail_electric rail_fast ship" speed="13.89" length="82.71" shape="19727.98,19121.93 19656.80,19096.72"/>
    </edge>
    <edge id="26351504#2" from="288716471" to="288716470" priority="4" type="highway.residential" spreadType="center">
        <lane id="26351504#2_0" index="0" disallow="tram rail_urban rail rail_electric rail_fast ship" speed="13.89" length="83.50" shape="19646.24,19092.93 19578.20,19068.10"/>
    </edge>
    <edge id="26351504#3" from="288716470" to="288716469" priority="4" type="highway.residential" spreadType="center">
        <lane id="26351504#3_0" index="0" disallow="tram rail_urban rail rail_electric rail_fast ship" speed="13.89" length="82.85" shape="19567.94,19064.38 19500.42,19039.99"/>
    </edge>
    <edge id="26351504#4" from="288716469" to="288716459" priority="4" type="highway.residential" spreadType="center">
        <lane id="26351504#4_0" index="0" disallow="tram rail_urban rail rail_electric rail_fast ship" speed="13.89" length="81.95" shape="19489.89,19036.20 19420.62,19011.34"/>
    </edge>
    <edge id="26351507#0" from="cluster_276971315_288880887" to="288716511" priority="4" type="highway.residential" shape="19360.62,19254.84 19351.76,19205.97 19351.10,19190.84 19353.56,19177.30 19370.74,19131.33 19382.19,19100.03">
        <lane id="26351507#0_0" index="0" speed="8.33" length="162.47" shape="19357.75,19247.96 19350.17,19206.15 19349.49,19190.73 19352.01,19176.87 19369.24,19130.78 19379.61,19102.44"/>
    </edge>
    <edge id="26351508#0" from="288716486" to="288716488" priority="4" type="highway.residential">
        <lane id="26351508#0_0" index="0" disallow="tram rail_urban rail rail_electric rail_fast ship" speed="13.89" length="81.06" shape="19446.28,18926.99 19473.63,18856.87"/>
    </edge>
    <edge id="26351508#1" from="288716488" to="288716492" priority="4" type="highway.residential" shape="19477.17,18852.19 19515.16,18763.49 19517.60,18757.69">
        <lane id="26351508#1_0" index="0" speed="13.89" length="102.79" shape="19477.93,18846.36 19513.32,18763.72"/>
    </edge>
    <edge id="26351509#0" from="288716488" to="288716499" priority="4" type="highway.residential" spreadType="center">
        <lane id="26351509#0_0" index="0" disallow="tram rail_urban rail rail_electric rail_fast ship" speed="8.33" length="86.06" shape="19483.87,18854.91 19551.73,18882.47"/>
    </edge>
    <edge id="26351509#1" from="288716499" to="288716501" priority="4" type="highway.residential" spreadType="center">
        <lane id="26351509#1_0" index="0" disallow="tram rail_urban rail rail_electric rail_fast ship" speed="8.33" length="82.92" shape="19562.10,18886.65 19627.10,18912.72"/>
    </edge>
    <edge id="26351509#2" from="288716501" to="288716503" priority="4" type="highway.residential" spreadType="center">
        <lane id="26351509#2_0" index="0" disallow="tram rail_urban rail rail_electric rail_fast ship" speed="8.33" length="82.66" shape="19640.35,18918.06 19705.33,18944.30"/>
    </edge>
    <edge id="26351509#3" from="288716503" to="288716504" priority="4" type="highway.residential" spreadType="center">
        <lane id="26351509#3_0" index="0" disallow="tram rail_urban rail rail_electric rail_fast ship" speed="8.33" length="83.20" shape="19715.72,18948.48 19786.25,18976.77"/>
    </edge>
    <edge id="26351510" from="288716469" to="288716499" priority="4" type="highway.residential" spreadType="center">
        <lane id="26351510_0" index="0" disallow="tram rail_urban rail rail_electric rail_fast ship" speed="8.33" length="165.48" shape="19497.21,19032.82 19554.82,18889.76"/>
    </edge>
    <edge id="26351511#1" from="288716507" to="288716501" priority="4" type="highway.residential" spreadType="center" shape="19665.56,18821.62 19663.05,18827.88 19644.36,18885.90 19638.40,18903.45 19635.37,18916.01">
        <lane id="26351511#1_0" index="0" speed="8.33" length="99.17" shape="19662.91,18828.31 19644.36,18885.90 19638.40,18903.45 19636.74,18910.33"/>
    </edge>
    <edge id="26351511#3" from="288716501" to="288716470" priority="4" type="highway.residential" spreadType="center">
        <lane id="26351511#3_0" index="0" disallow="tram rail_urban rail rail_electric rail_fast ship" speed="8.33" length="162.59" shape="19631.77,18920.64 19575.08,19061.10"/>
    </edge>
    <edge id="26351513" from="288716471" to="288716503" priority="4" type="highway.residential" spreadType="center">
        <lane id="26351513_0" index="0" disallow="tram rail_urban rail rail_electric rail_fast ship" speed="8.33" length="159.76" shape="19653.55,19089.57 19708.45,18951.60"/>
    </edge>
    <edge id="26351515" from="288716459" to="288716486" priority="4" type="highway.residential">
        <lane id="26351515_0" index="0" disallow="tram rail_urban rail rail_electric rail_fast ship" speed="8.33" length="87.54" shape="19415.81,19006.20 19446.17,18927.27"/>
    </edge>
    <edge id="26351518#0" from="288716511" to="288716525" priority="4" type="highway.residential" shape="19382.19,19100.03 19523.50,19149.24 19533.66,19152.36 19537.36,19152.14 19540.98,19150.01 19543.37,19147.66 19551.70,19128.49 19596.34,19143.44 19718.17,19188.23 19751.87,19200.63">
        <lane id="26351518#0_0" index="0" speed="8.33" length="405.21" shape="19385.69,19099.56 19524.00,19147.72 19533.85,19150.75 19536.88,19150.57 19540.00,19148.73 19542.03,19146.74 19550.82,19126.51 19596.87,19141.93 19718.72,19186.73 19745.54,19196.59"/>
    </edge>
    <edge id="26351520#0" from="288716505" to="288716475" priority="4" type="highway.residential" shape="19865.06,19008.83 19843.98,19063.15 19840.52,19066.36 19835.95,19067.16 19810.70,19057.75 19807.26,19058.69 19804.38,19061.45 19799.86,19069.91 19773.42,19137.78">
        <lane id="26351520#0_0" index="0" speed="13.89" length="184.56" shape="19865.43,19012.29 19845.34,19064.07 19841.26,19067.85 19835.80,19068.81 19810.62,19059.43 19808.07,19060.13 19805.67,19062.43 19801.32,19070.58 19775.45,19136.99"/>
    </edge>
    <edge id="26351520#1" from="288716475" to="288716525" priority="4" type="highway.residential" shape="19773.42,19137.78 19761.22,19171.45 19751.87,19200.63">
        <lane id="26351520#1_0" index="0" speed="13.89" length="66.45" shape="19774.44,19139.67 19762.73,19171.97 19755.63,19194.13"/>
    </edge>
    <edge id="26351520#2" from="288716475" to="288716525" priority="-1">
        <lane id="26351520#2_0" index="0" speed="13.89" length="66.44" shape="19774.46,19139.68 19755.77,19194.17"/>
    </edge>
    <edge id="26351520#3" from="288716525" to="276971322" priority="4" type="highway.residential" shape="19751.87,19200.63 19744.92,19229.25 19740.05,19257.94 19738.44,19273.78">
        <lane id="26351520#3_0" index="0" speed="13.89" length="74.47" shape="19751.81,19207.67 19746.49,19229.57 19741.64,19258.16 19740.79,19266.45"/>
    </edge>
    <edge id="26351521" from="288716504" to="288716473" priority="4" type="highway.residential" spreadType="center">
        <lane id="26351521_0" index="0" disallow="tram rail_urban rail rail_electric rail_fast ship" speed="8.33" length="156.35" shape="19787.14,18978.86 19730.00,19121.02"/>
    </edge>
    <edge id="26389264#3" from="276971324" to="289104964" priority="4" type="highway.residential" shape="19907.18,19274.53 19908.43,19227.35 19909.76,19209.17 19912.32,19190.16 19912.96,19185.40 19916.36,19164.57 19921.64,19136.49 19931.81,19097.38 19952.57,19035.82">
        <lane id="26389264#3_0" index="0" disallow="tram rail_urban rail rail_electric rail_fast ship" speed="8.33" length="244.46" shape="19905.77,19267.19 19906.83,19227.27 19908.17,19209.00 19910.73,19189.95 19911.38,19185.16 19914.78,19164.29 19920.08,19136.14 19930.28,19096.92 19948.69,19042.33"/>
    </edge>
    <edge id="33753312#0" from="30698795" to="534814662" priority="5" type="highway.unclassified" shape="20044.23,19266.49 20037.96,19227.83 20037.38,19219.18 20032.31,19185.03">
        <lane id="33753312#0_0" index="0" disallow="tram rail_urban rail rail_electric rail_fast ship" speed="8.33" length="81.40" shape="20042.11,19263.39 20036.37,19228.01 20035.79,19219.35 20030.75,19185.41"/>
    </edge>
    <edge id="33753312#3" from="534814662" to="29839174" priority="5" type="highway.unclassified" shape="20032.31,19185.03 20031.43,19178.64 20023.27,19111.90 20021.99,19096.35 20021.72,19093.07 20019.99,19071.91 20018.11,19048.96 20017.66,19044.25 20013.51,19011.82 20012.72,19002.56 20010.39,18994.22 19999.80,18974.01 19989.96,18959.65">
        <lane id="33753312#3_0" index="0" disallow="tram rail_urban rail rail_electric rail_fast ship" speed="8.33" length="232.44" shape="20030.70,19185.10 20029.84,19178.85 20021.68,19112.06 20020.40,19096.48 20020.13,19093.20 20018.40,19072.04 20016.52,19049.09 20016.07,19044.43 20011.92,19011.99 20011.14,19002.85 20008.89,18994.81 19998.43,18974.84 19993.80,18968.08"/>
    </edge>
    <edge id="59472986#0" from="288716408" to="276971145" priority="4" type="highway.residential" shape="19320.86,19052.45 19304.14,19108.25 19280.80,19191.15 19278.79,19201.88 19278.95,19211.55 19283.24,19229.57 19298.28,19266.01">
        <lane id="59472986#0_0" index="0" disallow="tram rail_urban rail rail_electric rail_fast ship" speed="13.89" length="222.91" shape="19320.34,19059.74 19305.68,19108.70 19282.36,19191.51 19280.39,19202.02 19280.55,19211.35 19284.77,19229.08 19298.78,19263.02"/>
    </edge>
    <edge id="E0" from="288716380" to="29839173" priority="-1">
        <lane id="E0_0" index="0" speed="13.89" length="104.17" shape="19380.45,18803.85 19397.33,18716.48"/>
    </edge>
    <edge id="E1" from="288716380" to="288716378" priority="-1">
        <lane id="E1_0" index="0" speed="13.89" length="123.02" shape="19373.16,18811.34 19266.99,18788.93"/>
    </edge>
    <edge id="E2" from="288716408" to="288716380" priority="-1">
        <lane id="E2_0" index="0" speed="13.89" length="248.47" shape="19321.09,19044.85 19377.34,18817.99"/>
    </edge>
    <edge id="E3" from="1599072226" to="29839174" priority="6">
        <lane id="E3_0" index="0" speed="13.89" length="51.36" shape="19944.50,18935.70 19984.18,18955.05"/>
    </edge>
    <edge id="E4" from="276971322" to="276971324" priority="-1">
        <lane id="E4_0" index="0" speed="13.89" length="168.74" shape="19745.97,19272.21 19900.06,19272.90"/>
    </edge>
    <edge id="E5" from="288716378" to="288716368" priority="-1">
        <lane id="E5_0" index="0" speed="13.89" length="60.35" shape="19252.83,18786.12 19207.64,18777.70"/>
    </edge>

    <tlLogic id="29839173" type="actuated" programID="0" offset="0">
        <phase duration="42" state="GGGgrr" minDur="5" maxDur="50"/>
        <phase duration="3"  state="yyyyrr"/>
        <phase duration="42" state="GrrrGG" minDur="5" maxDur="50"/>
        <phase duration="3"  state="yrrryy"/>
    </tlLogic>

    <junction id="1599072226" type="priority" x="19943.80" y="18937.14" incLanes="-E3_0 146512473#7_0" intLanes="" shape="19942.48,18940.06 19945.28,18934.30 19944.95,18934.15">
        <request index="0" response="00" foes="00"/>
        <request index="1" response="00" foes="00"/>
    </junction>
    <junction id="276971145" type="priority" x="19298.28" y="19266.01" incLanes="-25413576#0_0 59472986#0_0" intLanes="" shape="19301.38,19268.70 19300.25,19262.41 19294.34,19264.85">
        <request index="0" response="00" foes="00"/>
        <request index="1" response="00" foes="00"/>
    </junction>
    <junction id="276971318" type="priority" x="19500.64" y="19243.57" incLanes="-25413576#3_0 25413576#2_0" intLanes="" shape="19500.67,19246.77 19500.89,19240.38 19500.55,19240.37 19500.45,19246.77">
        <request index="0" response="00" foes="00"/>
        <request index="1" response="00" foes="00"/>
    </junction>
    <junction id="276971319" type="priority" x="19610.30" y="19252.58" incLanes="-25413576#5_0 25413576#3_0" intLanes="" shape="19609.73,19255.73 19611.05,19249.47 19610.69,19249.40">
        <request index="0" response="00" foes="00"/>
        <request index="1" response="00" foes="00"/>
    </junction>
    <junction id="276971322" type="priority" x="19738.44" y="19273.78" incLanes="-E4_0 26351520#3_0 25413576#4_0" intLanes="" shape="19745.95,19277.01 19745.98,19270.61 19742.38,19266.62 19736.02,19265.97 19731.58,19270.06 19731.11,19276.45">
        <request index="0" response="00001000" foes="10001000"/>
        <request index="1" response="01101000" foes="01111000"/>
        <request index="2" response="00000000" foes="01000000"/>
        <request index="3" response="00000000" foes="11000011"/>
        <request index="4" response="00100010" foes="00100010"/>
        <request index="5" response="00000000" foes="00010010"/>
        <request index="6" response="00001100" foes="00001110"/>
        <request index="7" response="00001001" foes="00001001"/>
    </junction>
    <junction id="276971324" type="priority" x="19907.18" y="19274.53" incLanes="-25413576#10_0 -26389264#6_0 E4_0" intLanes="" shape="19914.49,19277.70 19914.47,19271.30 19910.57,19267.32 19904.17,19267.15 19900.06,19271.30 19900.04,19277.70">
        <request index="0" response="000000" foes="001000"/>
        <request index="1" response="000000" foes="111000"/>
        <request index="2" response="000000" foes="100000"/>
        <request index="3" response="000011" foes="100011"/>
        <request index="4" response="000010" foes="000010"/>
        <request index="5" response="001110" foes="001110"/>
    </junction>
    <junction id="288463474" type="priority" x="19179.80" y="18871.33" incLanes="-26351489#1_0 -26351490_0" intLanes="" shape="19181.61,18875.26 19183.55,18869.16 19177.30,18867.79">
        <request index="0" response="0000" foes="1000"/>
        <request index="1" response="0100" foes="0100"/>
        <request index="2" response="0000" foes="0010"/>
        <request index="3" response="0001" foes="0001"/>
    </junction>
    <junction id="288463476" type="priority" x="19238.17" y="18889.86" incLanes="26351500#0_0 26351489#1_0 -26351500#1_0" intLanes="" shape="19242.87,18883.16 19236.61,18881.83 19231.96,18884.53 19230.03,18890.63 19234.04,18896.05 19240.38,18896.96">
        <request index="0" response="000" foes="000"/>
        <request index="1" response="000" foes="000"/>
        <request index="2" response="000" foes="000"/>
    </junction>
    <junction id="288716368" type="priority" x="19200.95" y="18774.83" incLanes="E5_0 26351491#1_0 26351490_0" intLanes="" shape="19207.34,18779.28 19208.52,18772.98 19194.44,18770.28 19193.20,18776.56 19196.27,18781.24 19202.52,18782.61">
        <request index="0" response="001000" foes="001000"/>
        <request index="1" response="111000" foes="111000"/>
        <request index="2" response="000000" foes="100000"/>
        <request index="3" response="000000" foes="100011"/>
        <request index="4" response="000000" foes="000010"/>
        <request index="5" response="001100" foes="001110"/>
    </junction>
    <junction id="288716378" type="right_before_left" x="19260.28" y="18785.88" incLanes="E1_0 -E5_0 -26351500#0_0" intLanes="" shape="19266.66,18790.50 19267.98,18784.23 19253.71,18781.40 19252.53,18787.69 19255.64,18792.34 19261.90,18793.67">
        <request index="0" response="0000000" foes="1001000"/>
        <request index="1" response="0110000" foes="0111000"/>
        <request index="2" response="0000000" foes="0100000"/>
        <request index="3" response="0000011" foes="1100011"/>
        <request index="4" response="0000000" foes="0000010"/>
        <request index="5" response="0001100" foes="0001110"/>
        <request index="6" response="0001001" foes="0001001"/>
    </junction>
    <junction id="288716380" type="priority" x="19380.65" y="18811.28" incLanes="-E0_0 -E1_0 E2_0" intLanes="" shape="19385.17,18804.76 19378.88,18803.55 19374.15,18806.64 19372.83,18812.90 19375.78,18817.61 19382.00,18819.15">
        <request index="0" response="000000" foes="001000"/>
        <request index="1" response="110000" foes="111000"/>
        <request index="2" response="100000" foes="100000"/>
        <request index="3" response="100011" foes="100011"/>
        <request index="4" response="000000" foes="000010"/>
        <request index="5" response="000000" foes="001110"/>
    </junction>
    <junction id="288716408" type="priority" x="19320.86" y="19052.45" incLanes="-E2_0 26351500#1_0 -59472986#1_0" intLanes="" shape="19325.75,19046.01 19319.54,19044.47 19314.77,19047.12 19312.81,19053.22 19315.75,19058.37 19321.88,19060.20">
        <request index="0" response="00000" foes="00000"/>
        <request index="1" response="11000" foes="11000"/>
        <request index="2" response="00000" foes="10000"/>
        <request index="3" response="00000" foes="00010"/>
        <request index="4" response="00100" foes="00110"/>
    </junction>
    <junction id="288716459" type="priority" x="19416.16" y="19009.74" incLanes="26351504#4_0 -26351515_0" intLanes="" shape="19420.08,19012.85 19421.16,19009.83 19420.29,19007.93 19414.31,19005.63">
        <request index="0" response="00" foes="10"/>
        <request index="1" response="01" foes="01"/>
    </junction>
    <junction id="288716469" type="dead_end" x="19495.10" y="19038.07" incLanes="26351504#3_0" intLanes="" shape="19499.88,19041.50 19500.97,19038.49 19498.70,19033.42 19495.73,19032.22 19490.43,19034.69 19489.35,19037.70"/>
    <junction id="288716470" type="dead_end" x="19573.02" y="19066.21" incLanes="26351504#2_0 26351511#3_0" intLanes="" shape="19577.65,19069.60 19578.74,19066.60 19576.57,19061.70 19573.60,19060.50 19568.49,19062.87 19567.40,19065.88"/>
    <junction id="288716471" type="dead_end" x="19651.46" y="19094.83" incLanes="26351504#1_0" intLanes="" shape="19656.26,19098.23 19657.33,19095.21 19655.04,19090.16 19652.07,19088.98 19646.79,19091.42 19645.69,19094.43"/>
    <junction id="288716473" type="dead_end" x="19729.43" y="19122.44" incLanes="26351521_0" intLanes="" shape="19731.49,19121.61 19728.52,19120.42 19727.45,19123.44"/>
    <junction id="288716475" type="priority" x="19773.42" y="19137.78" incLanes="26351520#0_0 -26351520#2_0" intLanes="" shape="19776.94,19137.57 19770.97,19135.25 19769.89,19138.12 19775.97,19140.20">
        <request index="0" response="000000" foes="010000"/>
        <request index="1" response="000000" foes="110000"/>
        <request index="2" response="001000" foes="001000"/>
        <request index="3" response="000000" foes="000100"/>
        <request index="4" response="000011" foes="000011"/>
        <request index="5" response="000010" foes="000010"/>
    </junction>
    <junction id="288716486" type="priority" x="19447.72" y="18927.71" incLanes="-26351508#0_0 26351515_0" intLanes="" shape="19450.76,18928.73 19444.79,18926.41 19444.68,18926.70 19450.65,18929.00">
        <request index="0" response="00" foes="00"/>
        <request index="1" response="00" foes="00"/>
    </junction>
    <junction id="288716488" type="priority" x="19477.17" y="18852.19" incLanes="-26351508#2_0 26351508#0_0" intLanes="" shape="19483.27,18856.39 19484.47,18853.43 19482.34,18848.25 19476.46,18845.73 19472.14,18856.29 19478.10,18858.61">
        <request index="0" response="00" foes="00"/>
        <request index="1" response="00" foes="00"/>
    </junction>
    <junction id="288716492" type="priority" x="19517.60" y="18757.69" incLanes="-146512473#6_0 146512473#0_0 26351508#1_0" intLanes="" shape="19522.99,18763.44 19525.48,18757.54 19512.16,18751.97 19509.71,18757.88 19511.85,18763.10 19517.75,18765.58">
        <request index="0" response="000" foes="000"/>
        <request index="1" response="000" foes="000"/>
        <request index="2" response="000" foes="000"/>
    </junction>
    <junction id="288716499" type="dead_end" x="19556.91" y="18884.57" incLanes="26351509#0_0 26351510_0" intLanes="" shape="19561.50,18888.14 19562.70,18885.17 19552.33,18880.98 19551.13,18883.95 19553.34,18889.16 19556.31,18890.36"/>
    <junction id="288716501" type="right_before_left" x="19633.87" y="18915.44" incLanes="26351511#1_0 26351509#1_0" intLanes="" shape="19639.75,18919.54 19640.95,18916.57 19638.26,18910.85 19632.69,18908.94 19627.70,18911.24 19626.50,18914.21 19630.29,18920.04 19633.26,18921.23">
        <request index="0" response="00000" foes="01000"/>
        <request index="1" response="00000" foes="11000"/>
        <request index="2" response="00000" foes="00000"/>
        <request index="3" response="00011" foes="00011"/>
        <request index="4" response="00010" foes="00010"/>
    </junction>
    <junction id="288716503" type="dead_end" x="19710.52" y="18946.39" incLanes="26351509#2_0 26351513_0" intLanes="" shape="19715.13,18949.96 19716.32,18946.99 19705.93,18942.81 19704.74,18945.78 19706.96,18951.01 19709.93,18952.19"/>
    <junction id="288716504" type="dead_end" x="19787.74" y="18977.37" incLanes="26351509#3_0" intLanes="" shape="19786.85,18975.29 19785.66,18978.26 19788.63,18979.45"/>
    <junction id="288716505" type="priority" x="19865.06" y="19008.83" incLanes="-166548734#1_0 -26351520#0_0" intLanes="" shape="19866.92,19012.87 19869.04,19006.83 19860.96,19010.56">
        <request index="0" response="00" foes="00"/>
        <request index="1" response="00" foes="00"/>
    </junction>
    <junction id="288716507" type="priority" x="19665.56" y="18821.62" incLanes="-146512473#10_0 146512473#2_0 -26351511#1_0" intLanes="" shape="19669.57,18826.66 19671.94,18820.71 19660.53,18815.89 19657.94,18821.74 19660.28,18827.24 19664.40,18828.91">
        <request index="0" response="000000000" foes="100010000"/>
        <request index="1" response="000000000" foes="011110000"/>
        <request index="2" response="010001000" foes="010001000"/>
        <request index="3" response="000000000" foes="010000100"/>
        <request index="4" response="000000011" foes="110000011"/>
        <request index="5" response="001000010" foes="001000010"/>
        <request index="6" response="000000010" foes="000100010"/>
        <request index="7" response="000011010" foes="000011110"/>
        <request index="8" response="000010001" foes="000010001"/>
    </junction>
    <junction id="288716511" type="right_before_left" x="19382.19" y="19100.03" incLanes="-26351518#5_0 26351507#0_0" intLanes="" shape="19384.11,19104.09 19386.22,19098.04 19378.10,19101.89">
        <request index="0" response="0000" foes="1000"/>
        <request index="1" response="0100" foes="0100"/>
        <request index="2" response="0000" foes="0010"/>
        <request index="3" response="0001" foes="0001"/>
    </junction>
    <junction id="288716525" type="priority" x="19751.87" y="19200.63" incLanes="26351520#2_0 26351518#0_0 -26351520#3_0 26351520#1_0" intLanes="" shape="19757.16,19194.62 19751.06,19192.66 19746.09,19195.09 19743.88,19201.10 19747.14,19206.53 19753.36,19208.05">
        <request index="0"  response="011000000000" foes="111100010000"/>
        <request index="1"  response="010011000000" foes="110011110000"/>
        <request index="2"  response="000010001000" foes="100010001000"/>
        <request index="3"  response="000010000000" foes="100010000100"/>
        <request index="4"  response="011010000011" foes="011110000011"/>
        <request index="5"  response="010001000010" foes="010001000010"/>
        <request index="6"  response="000000000000" foes="010000100010"/>
        <request index="7"  response="000000000000" foes="110000011110"/>
        <request index="8"  response="001000010001" foes="001000010001"/>
        <request index="9"  response="000000000000" foes="000100010001"/>
        <request index="10" response="000011000000" foes="000011110011"/>
        <request index="11" response="000010001111" foes="000010001111"/>
    </junction>
    <junction id="289104964" type="priority" x="19952.57" y="19035.82" incLanes="159664166#0_0 166548734#0_0 26389264#3_0" intLanes="" shape="19957.98,19031.10 19952.62,19028.46 19946.24,19030.81 19944.58,19036.99 19947.17,19041.82 19953.23,19043.86">
        <request index="0" response="000000" foes="001000"/>
        <request index="1" response="110000" foes="111000"/>
        <request index="2" response="100000" foes="100000"/>
        <request index="3" response="100011" foes="100011"/>
        <request index="4" response="000000" foes="000010"/>
        <request index="5" response="000000" foes="001110"/>
    </junction>
    <junction id="290368146" type="priority" x="19227.65" y="18660.96" incLanes="-146505402#3_0 146505402#1_0" intLanes="" shape="19226.81,18664.05 19228.77,18657.96 19228.44,18657.86 19226.58,18663.98">
        <request index="0" response="00" foes="00"/>
        <request index="1" response="00" foes="00"/>
    </junction>
    <junction id="29839173" type="traffic_light" x="19400.40" y="18709.00" incLanes="-146512473#1_0 146505402#2_0 E0_0" intLanes="" shape="19406.49,18715.00 19408.95,18709.09 19394.72,18703.95 19392.88,18710.08 19395.75,18716.18 19402.04,18717.39">
        <request index="0" response="000000" foes="001000"/>
        <request index="1" response="000000" foes="111000"/>
        <request index="2" response="000000" foes="100000"/>
        <request index="3" response="000011" foes="100011"/>
        <request index="4" response="000010" foes="000010"/>
        <request index="5" response="001110" foes="001110"/>
    </junction>
    <junction id="29839174" type="right_before_left" x="19989.96" y="18959.65" incLanes="33753312#3_0 E3_0 -159664166#0_0" intLanes="" shape="19992.48,18968.98 19997.76,18965.36 19984.88,18953.61 19982.08,18959.37 19983.14,18966.29 19988.21,18969.14">
        <request index="0" response="0000000" foes="0010000"/>
        <request index="1" response="1100000" foes="1110000"/>
        <request index="2" response="1001000" foes="1001000"/>
        <request index="3" response="0000000" foes="1000100"/>
        <request index="4" response="0000011" foes="1000011"/>
        <request index="5" response="0000000" foes="0000010"/>
        <request index="6" response="0011000" foes="0011110"/>
    </junction>
    <junction id="30698795" type="priority" x="20044.23" y="19266.49" incLanes="-33753312#2_0 25413576#10_0" intLanes="" shape="20046.84,19262.62 20040.53,19263.65 20041.17,19270.01">
        <request index="0" response="00" foes="00"/>
        <request index="1" response="00" foes="00"/>
    </junction>
    <junction id="534814662" type="priority" x="20032.31" y="19185.03" incLanes="33753312#0_0 159393364#1_0" intLanes="" shape="20029.17,19185.65 20035.50,19184.71 20035.46,19184.45 20029.12,19185.32">
        <request index="0" response="0000" foes="1000"/>
        <request index="1" response="0100" foes="0100"/>
        <request index="2" response="0000" foes="0010"/>
        <request index="3" response="0001" foes="0001"/>
    </junction>
    <junction id="cluster_276971315_288880887" type="priority" x="19365.41" y="19254.00" incLanes="-25413576#2_0 -26351507#1_0 25413576#0_0" intLanes="" shape="19372.85,19255.98 19371.84,19249.66 19362.47,19247.10 19356.17,19248.24 19352.96,19252.96 19354.09,19259.26">
        <request index="0" response="000000" foes="001000"/>
        <request index="1" response="110000" foes="111000"/>
        <request index="2" response="100000" foes="100000"/>
        <request index="3" response="100011" foes="100011"/>
        <request index="4" response="000000" foes="000010"/>
        <request index="5" response="000000" foes="001110"/>
    </junction>
    <junction id="cluster_288716371_288716373" type="priority" x="19174.43" y="18648.45" incLanes="-146505402#1_0 -26351492#0_0" intLanes="" shape="19177.07,18648.96 19178.93,18642.84 19170.10,18651.08 19176.38,18652.36">
        <request index="0" response="00" foes="00"/>
        <request index="1" response="00" foes="00"/>
    </junction>

    <connection from="-146505402#1" to="26351491#1" fromLane="0" toLane="0" dir="r" state="M"/>
    <connection from="-146505402#3" to="-146505402#1" fromLane="0" toLane="0" dir="s" state="M"/>
    <connection from="-146512473#1" to="-E0" fromLane="0" toLane="0" tl="29839173" linkIndex="0" dir="r" state="O"/>
    <connection from="-146512473#1" to="-146505402#3" fromLane="0" toLane="0" tl="29839173" linkIndex="1" dir="s" state="O"/>
    <connection from="-146512473#10" to="26351511#1" fromLane="0" toLane="0" dir="r" state="M"/>
    <connection from="-146512473#10" to="-146512473#6" fromLane="0" toLane="0" dir="s" state="M"/>
    <connection from="-146512473#10" to="146512473#7" fromLane="0" toLane="0" dir="t" state="m"/>
    <connection from="-146512473#6" to="146512473#2" fromLane="0" toLane="0" dir="t" state="M"/>
    <connection from="-159664166#0" to="-E3" fromLane="0" toLane="0" dir="r" state="M"/>
    <connection from="-159664166#0" to="159393364#1" fromLane="0" toLane="0" dir="l" state="="/>
    <connection from="-166548734#1" to="166548734#0" fromLane="0" toLane="0" dir="t" state="M"/>
    <connection from="-25413576#0" to="-59472986#1" fromLane="0" toLane="0" dir="l" state="M"/>
    <connection from="-25413576#10" to="-E4" fromLane="0" toLane="0" dir="s" state="M"/>
    <connection from="-25413576#10" to="26389264#3" fromLane="0" toLane="0" dir="l" state="M"/>
    <connection from="-25413576#2" to="-25413576#0" fromLane="0" toLane="0" dir="s" state="M"/>
    <connection from="-25413576#2" to="26351507#0" fromLane="0" toLane="0" dir="l" state="m"/>
    <connection from="-25413576#3" to="-25413576#2" fromLane="0" toLane="0" dir="s" state="M"/>
    <connection from="-25413576#5" to="-25413576#3" fromLane="0" toLane="0" dir="s" state="M"/>
    <connection from="-26351489#1" to="26351490" fromLane="0" toLane="0" keepClear="0" dir="l" state="M"/>
    <connection from="-26351489#1" to="26351489#1" fromLane="0" toLane="0" dir="t" state="m"/>
    <connection from="-26351490" to="26351489#1" fromLane="0" toLane="0" keepClear="0" dir="r" state="M"/>
    <connection from="-26351490" to="26351490" fromLane="0" toLane="0" dir="t" state="m"/>
    <connection from="-26351492#0" to="146505402#1" fromLane="0" toLane="0" dir="l" state="M"/>
    <connection from="-26351500#0" to="E5" fromLane="0" toLane="0" dir="r" state="M"/>
    <connection from="-26351500#0" to="-E1" fromLane="0" toLane="0" dir="l" state="="/>
    <connection from="-26351500#0" to="26351500#0" fromLane="0" toLane="0" dir="t" state="="/>
    <connection from="-26351500#1" to="26351500#1" fromLane="0" toLane="0" dir="t" state="M"/>
    <connection from="-26351507#1" to="25413576#2" fromLane="0" toLane="0" dir="r" state="m"/>
    <connection from="-26351507#1" to="-25413576#0" fromLane="0" toLane="0" dir="l" state="m"/>
    <connection from="-26351508#0" to="26351508#0" fromLane="0" toLane="0" dir="t" state="M"/>
    <connection from="-26351508#2" to="26351508#1" fromLane="0" toLane="0" dir="t" state="M"/>
    <connection from="-26351511#1" to="-146512473#6" fromLane="0" toLane="0" dir="r" state="m"/>
    <connection from="-26351511#1" to="146512473#7" fromLane="0" toLane="0" dir="l" state="m"/>
    <connection from="-26351511#1" to="26351511#1" fromLane="0" toLane="0" dir="r" state="m"/>
    <connection from="-26351515" to="26351515" fromLane="0" toLane="0" dir="t" state="m"/>
    <connection from="-26351518#5" to="-26351507#1" fromLane="0" toLane="0" keepClear="0" dir="r" state="M"/>
    <connection from="-26351518#5" to="26351518#0" fromLane="0" toLane="0" dir="t" state="="/>
    <connection from="-26351520#0" to="26351520#0" fromLane="0" toLane="0" dir="t" state="M"/>
    <connection from="-26351520#2" to="-26351520#0" fromLane="0" toLane="0" dir="s" state="M"/>
    <connection from="-26351520#2" to="26351520#2" fromLane="0" toLane="0" dir="l" state="m"/>
    <connection from="-26351520#2" to="26351520#1" fromLane="0" toLane="0" dir="t" state="m"/>
    <connection from="-26351520#3" to="-26351518#5" fromLane="0" toLane="0" dir="r" state="M"/>
    <connection from="-26351520#3" to="-26351520#2" fromLane="0" toLane="0" dir="s" state="M"/>
    <connection from="-26351520#3" to="26351520#3" fromLane="0" toLane="0" dir="t" state="m"/>
    <connection from="-26389264#6" to="25413576#10" fromLane="0" toLane="0" dir="r" state="M"/>
    <connection from="-26389264#6" to="-E4" fromLane="0" toLane="0" dir="l" state="m"/>
    <connection from="-33753312#2" to="-25413576#10" fromLane="0" toLane="0" dir="l" state="M"/>
    <connection from="-59472986#1" to="-26351500#1" fromLane="0" toLane="0" dir="r" state="M"/>
    <connection from="-59472986#1" to="E2" fromLane="0" toLane="0" dir="s" state="m"/>
    <connection from="-E0" to="-E2" fromLane="0" toLane="0" dir="s" state="M"/>
    <connection from="-E0" to="E1" fromLane="0" toLane="0" dir="l" state="m"/>
    <connection from="-E1" to="E0" fromLane="0" toLane="0" dir="r" state="m"/>
    <connection from="-E1" to="-E2" fromLane="0" toLane="0" dir="l" state="m"/>
    <connection from="-E2" to="59472986#0" fromLane="0" toLane="0" dir="s" state="M"/>
    <connection from="-E2" to="-26351500#1" fromLane="0" toLane="0" dir="l" state="m"/>
    <connection from="-E3" to="-146512473#10" fromLane="0" toLane="0" dir="s" state="M"/>
    <connection from="-E4" to="-25413576#5" fromLane="0" toLane="0" dir="s" state="m"/>
    <connection from="-E4" to="-26351520#3" fromLane="0" toLane="0" dir="l" state="m"/>
    <connection from="-E5" to="-E1" fromLane="0" toLane="0" dir="s" state="M"/>
    <connection from="-E5" to="26351500#0" fromLane="0" toLane="0" dir="l" state="="/>
    <connection from="146505402#1" to="146505402#2" fromLane="0" toLane="0" dir="s" state="M"/>
    <connection from="146505402#2" to="146512473#0" fromLane="0" toLane="0" tl="29839173" linkIndex="2" dir="s" state="O"/>
    <connection from="146505402#2" to="-E0" fromLane="0" toLane="0" tl="29839173" linkIndex="3" dir="l" state="o"/>
    <connection from="146512473#0" to="-146512473#1" fromLane="0" toLane="0" dir="t" state="M"/>
    <connection from="146512473#2" to="146512473#7" fromLane="0" toLane="0" dir="s" state="M"/>
    <connection from="146512473#2" to="26351511#1" fromLane="0" toLane="0" dir="l" state="m"/>
    <connection from="146512473#2" to="-146512473#6" fromLane="0" toLane="0" dir="t" state="m"/>
    <connection from="146512473#7" to="E3" fromLane="0" toLane="0" dir="s" state="M"/>
    <connection from="159393364#1" to="-33753312#2" fromLane="0" toLane="0" keepClear="0" dir="s" state="M"/>
    <connection from="159393364#1" to="33753312#3" fromLane="0" toLane="0" dir="t" state="m"/>
    <connection from="159664166#0" to="-26389264#6" fromLane="0" toLane="0" dir="s" state="M"/>
    <connection from="159664166#0" to="-166548734#1" fromLane="0" toLane="0" dir="l" state="m"/>
    <connection from="166548734#0" to="-159664166#0" fromLane="0" toLane="0" dir="r" state="m"/>
    <connection from="166548734#0" to="-26389264#6" fromLane="0" toLane="0" dir="l" state="m"/>
    <connection from="25413576#0" to="26351507#0" fromLane="0" toLane="0" dir="r" state="M"/>
    <connection from="25413576#0" to="25413576#2" fromLane="0" toLane="0" dir="s" state="M"/>
    <connection from="25413576#10" to="33753312#0" fromLane="0" toLane="0" dir="r" state="M"/>
    <connection from="25413576#2" to="25413576#3" fromLane="0" toLane="0" dir="s" state="M"/>
    <connection from="25413576#3" to="25413576#4" fromLane="0" toLane="0" dir="s" state="M"/>
    <connection from="25413576#4" to="-26351520#3" fromLane="0" toLane="0" dir="r" state="M"/>
    <connection from="25413576#4" to="E4" fromLane="0" toLane="0" dir="s" state="m"/>
    <connection from="25413576#4" to="-25413576#5" fromLane="0" toLane="0" dir="t" state="m"/>
    <connection from="26351489#1" to="-26351489#1" fromLane="0" toLane="0" dir="t" state="M"/>
    <connection from="26351490" to="-26351492#0" fromLane="0" toLane="0" dir="r" state="M"/>
    <connection from="26351490" to="-E5" fromLane="0" toLane="0" dir="l" state="m"/>
    <connection from="26351491#1" to="-E5" fromLane="0" toLane="0" dir="s" state="M"/>
    <connection from="26351491#1" to="-26351490" fromLane="0" toLane="0" dir="l" state="M"/>
    <connection from="26351500#0" to="-26351500#0" fromLane="0" toLane="0" dir="t" state="M"/>
    <connection from="26351500#1" to="E2" fromLane="0" toLane="0" dir="r" state="M"/>
    <connection from="26351504#4" to="26351515" fromLane="0" toLane="0" dir="l" state="M"/>
    <connection from="26351507#0" to="26351518#0" fromLane="0" toLane="0" keepClear="0" dir="l" state="M"/>
    <connection from="26351507#0" to="-26351507#1" fromLane="0" toLane="0" dir="t" state="="/>
    <connection from="26351508#0" to="-26351508#0" fromLane="0" toLane="0" dir="t" state="M"/>
    <connection from="26351508#1" to="-26351508#2" fromLane="0" toLane="0" dir="t" state="M"/>
    <connection from="26351509#1" to="-26351511#1" fromLane="0" toLane="0" dir="r" state="M"/>
    <connection from="26351509#1" to="26351509#2" fromLane="0" toLane="0" dir="s" state="="/>
    <connection from="26351509#1" to="26351511#3" fromLane="0" toLane="0" dir="l" state="="/>
    <connection from="26351511#1" to="26351509#2" fromLane="0" toLane="0" dir="r" state="M"/>
    <connection from="26351511#1" to="26351511#3" fromLane="0" toLane="0" dir="s" state="M"/>
    <connection from="26351515" to="-26351515" fromLane="0" toLane="0" dir="t" state="M"/>
    <connection from="26351518#0" to="-26351520#2" fromLane="0" toLane="0" dir="r" state="m"/>
    <connection from="26351518#0" to="26351520#3" fromLane="0" toLane="0" dir="l" state="m"/>
    <connection from="26351518#0" to="-26351518#5" fromLane="0" toLane="0" dir="t" state="m"/>
    <connection from="26351520#0" to="26351520#2" fromLane="0" toLane="0" dir="s" state="M"/>
    <connection from="26351520#0" to="26351520#1" fromLane="0" toLane="0" dir="s" state="M"/>
    <connection from="26351520#0" to="-26351520#0" fromLane="0" toLane="0" dir="t" state="m"/>
    <connection from="26351520#1" to="26351520#3" fromLane="0" toLane="0" dir="s" state="M"/>
    <connection from="26351520#1" to="-26351518#5" fromLane="0" toLane="0" dir="l" state="m"/>
    <connection from="26351520#1" to="-26351520#2" fromLane="0" toLane="0" dir="t" state="m"/>
    <connection from="26351520#2" to="26351520#3" fromLane="0" toLane="0" dir="s" state="m"/>
    <connection from="26351520#2" to="-26351518#5" fromLane="0" toLane="0" dir="l" state="m"/>
    <connection from="26351520#2" to="-26351520#2" fromLane="0" toLane="0" dir="l" state="m"/>
    <connection from="26351520#3" to="E4" fromLane="0" toLane="0" dir="r" state="M"/>
    <connection from="26351520#3" to="-25413576#5" fromLane="0" toLane="0" dir="l" state="M"/>
    <connection from="26351520#3" to="-26351520#3" fromLane="0" toLane="0" dir="t" state="m"/>
    <connection from="26389264#3" to="-166548734#1" fromLane="0" toLane="0" dir="r" state="M"/>
    <connection from="26389264#3" to="-159664166#0" fromLane="0" toLane="0" dir="s" state="M"/>
    <connection from="33753312#0" to="33753312#3" fromLane="0" toLane="0" keepClear="0" dir="s" state="M"/>
    <connection from="33753312#0" to="-33753312#2" fromLane="0" toLane="0" dir="t" state="m"/>
    <connection from="33753312#3" to="159664166#0" fromLane="0" toLane="0" dir="r" state="M"/>
    <connection from="33753312#3" to="-E3" fromLane="0" toLane="0" dir="s" state="="/>
    <connection from="33753312#3" to="159393364#1" fromLane="0" toLane="0" dir="t" state="="/>
    <connection from="59472986#0" to="25413576#0" fromLane="0" toLane="0" dir="r" state="M"/>
    <connection from="E0" to="-146505402#3" fromLane="0" toLane="0" tl="29839173" linkIndex="4" dir="r" state="o"/>
    <connection from="E0" to="146512473#0" fromLane="0" toLane="0" tl="29839173" linkIndex="5" dir="l" state="o"/>
    <connection from="E1" to="26351500#0" fromLane="0" toLane="0" dir="r" state="M"/>
    <connection from="E1" to="E5" fromLane="0" toLane="0" dir="s" state="="/>
    <connection from="E2" to="E1" fromLane="0" toLane="0" dir="r" state="M"/>
    <connection from="E2" to="E0" fromLane="0" toLane="0" dir="s" state="M"/>
    <connection from="E3" to="159393364#1" fromLane="0" toLane="0" dir="s" state="M"/>
    <connection from="E3" to="159664166#0" fromLane="0" toLane="0" dir="l" state="="/>
    <connection from="E4" to="26389264#3" fromLane="0" toLane="0" dir="r" state="m"/>
    <connection from="E4" to="25413576#10" fromLane="0" toLane="0" dir="s" state="m"/>
    <connection from="E5" to="-26351490" fromLane="0" toLane="0" dir="r" state="m"/>
    <connection from="E5" to="-26351492#0" fromLane="0" toLane="0" dir="s" state="m"/>

</net>
